{"cameraMode":{"drawMode":0,"name":"Shaded","section":"Shading Mode"},"sceneLighting":true,"audioPlay":false,"sceneViewState":{"showFog":true,"showMaterialUpdate":false,"showSkybox":true,"showFlares":true,"showImageEffects":true,"showParticleSystems":true},"in2DMode":false,"pivot":{"x":27.44321060180664,"y":5.195816993713379,"z":8.630350112915039},"rotation":{"x":0.0717281699180603,"y":0.5819990634918213,"z":0.05164189264178276,"w":-0.8083720207214356},"size":-3.544182777404785,"orthographic":false}