{"cameraMode":{"drawMode":0,"name":"Shaded","section":"Shading Mode"},"sceneLighting":true,"audioPlay":false,"sceneViewState":{"showFog":true,"showMaterialUpdate":false,"showSkybox":true,"showFlares":true,"showImageEffects":true,"showParticleSystems":true},"in2DMode":false,"pivot":{"x":6.797486305236816,"y":1.9291658401489258,"z":11.93464183807373},"rotation":{"x":-0.13978949189186097,"y":-0.10198774188756943,"z":0.014476681128144265,"w":-0.9848085641860962},"size":15.137248992919922,"orthographic":false}