{"cameraMode":{"drawMode":0,"name":"Shaded","section":"Shading Mode"},"sceneLighting":false,"audioPlay":false,"sceneViewState":{"showFog":true,"showMaterialUpdate":false,"showSkybox":false,"showFlares":true,"showImageEffects":true,"showParticleSystems":true},"in2DMode":false,"pivot":{"x":6.413000106811523,"y":1.534000039100647,"z":5.825681686401367},"rotation":{"x":-0.12558017671108247,"y":0.03690105304121971,"z":-0.004674075171351433,"w":-0.9913859963417053},"size":-1.100813388824463,"orthographic":false}