{"cameraMode":{"drawMode":0,"name":"Shaded","section":"Shading Mode"},"sceneLighting":false,"audioPlay":false,"sceneViewState":{"showFog":true,"showMaterialUpdate":false,"showSkybox":false,"showFlares":true,"showImageEffects":true,"showParticleSystems":true},"in2DMode":false,"pivot":{"x":5.076107025146484,"y":0.13408060371875764,"z":7.710076808929443},"rotation":{"x":-0.003661103080958128,"y":-0.9953135251998901,"z":0.04182828217744827,"w":-0.08710964769124985},"size":1.260277271270752,"orthographic":false}