{"cameraMode":{"drawMode":0,"name":"Shaded","section":"Shading Mode"},"sceneLighting":true,"audioPlay":false,"sceneViewState":{"showFog":true,"showMaterialUpdate":false,"showSkybox":true,"showFlares":true,"showImageEffects":true,"showParticleSystems":true},"in2DMode":false,"pivot":{"x":7.777258396148682,"y":1.3206684589385987,"z":13.310778617858887},"rotation":{"x":0.2332577258348465,"y":-0.6112269759178162,"z":-0.19511914253234864,"w":-0.7306989431381226},"size":4.215756416320801,"orthographic":false}